"Produktion (mio. kg)";"Region Hovedstaden";"Vinterhvede";220.9;219.3;195.0;214.2;109.2;203.7;187.5;165.1;186.5;149.9;182.7
"Produktion (mio. kg)";"Region Hovedstaden";"Vĺrhvede";4.5;5.5;4.6;4.5;3.1;4.9;7.1;4.3;3.8;2.2;2.4
"Produktion (mio. kg)";"Region Hovedstaden";"Rug";28.7;25.0;23.7;23.3;13.3;33.8;30.3;23.9;25.9;23.2;31.8
"Produktion (mio. kg)";"Region Hovedstaden";"Triticale";0.8;0.7;0.8;1.0;0.4;1.2;1.0;0.6;0.7;0.5;0.3
"Produktion (mio. kg)";"Region Hovedstaden";"Vinterbyg";30.8;27.4;21.9;31.1;14.6;24.7;22.4;19.2;18.2;14.3;19.8
"Produktion (mio. kg)";"Region Hovedstaden";"Vĺrbyg";80.6;87.1;94.0;93.2;77.8;93.3;113.3;75.6;99.7;42.6;71.9
"Produktion (mio. kg)";"Region Hovedstaden";"Havre, blandsćd og andet korn";9.0;8.6;10.2;12.4;7.8;8.5;21.9;10.2;8.3;6.4;7.7
"Produktion (mio. kg)";"Region Hovedstaden";"Majs til modenhed";1.4;1.1;0.6;0.6;0.6;0.6;0.5;0.5;0.9;0.5;0.6
"Produktion (mio. kg)";"Region Hovedstaden";"RAPS I ALT";34.1;39.6;30.2;39.0;21.8;32.7;30.5;30.9;42.6;31.9;29.9
"Produktion (mio. kg)";"Region Hovedstaden";"Vinterraps";34.0;..;..;..;..;..;..;..;..;..;..
"Produktion (mio. kg)";"Region Hovedstaden";"Vĺrraps";0.1;..;..;..;..;..;..;..;..;..;..
"Produktion (mio. kg)";"Region Hovedstaden";"BĆLGSĆD I ALT";1.5;3.1;3.7;6.1;5.5;4.6;5.1;3.0;4.5;3.7;2.9
"Produktion (mio. kg)";"Region Hovedstaden";"Markćrter";0.6;0.6;0.4;0.8;0.5;0.5;1.0;1.0;2.4;2.3;1.4
"Produktion (mio. kg)";"Region Hovedstaden";"Hestebřnner";..;..;..;..;..;..;4.0;2.1;2.1;1.4;1.6
"Produktion (mio. kg)";"Region Hovedstaden";"HALM I ALT, DER ER BJĆRGET";88.7;78.1;76.1;92.8;86.4;80.7;75.4;60.4;100.3;64.1;93.6
"Produktion (mio. kg)";"Region Hovedstaden";"Halm af korn, der er bjćrget";86.4;76.7;73.0;90.7;82.7;78.6;74.4;58.8;96.4;63.3;90.8
"Produktion (mio. kg)";"Region Hovedstaden";"RODFRUGTER (ROD) I ALT";34.1;17.6;16.7;27.3;20.0;36.8;28.3;28.1;27.1;27.3;30.3
"Produktion (mio. kg)";"Region Hovedstaden";"Lćggekartofler under kontrol";0.6;0.2;0.2;0.2;0.3;1.0;1.2;1.5;1.6;2.4;1.5
"Produktion (mio. kg)";"Region Hovedstaden";"Kartofler til melproduktion";3.0;0.0;0.0;0.0;0.0;0.0;1.5;0.3;0.0;0.8;0.4
"Produktion (mio. kg)";"Region Hovedstaden";"Spisekartofler";15.3;12.8;12.3;18.9;11.0;31.0;20.3;20.6;21.6;12.6;15.3
"Produktion (mio. kg)";"Region Hovedstaden";"Sukkerroer til fabrik";5.8;0.7;2.2;0.0;0.0;0.0;0.0;0.0;0.0;0.0;0.0
"Produktion (mio. kg)";"Region Hovedstaden";"Fodersukkerroer og anden rodfrugt til foder";9.3;3.9;2.5;8.1;8.6;4.8;5.3;5.7;3.9;11.6;13.2
"Produktion (mio. kg)";"Region Hovedstaden";"GRĆS, GRŘNTFODER OG EFTERSLĆT I ALT";815.1;753.5;775.5;832.3;637.1;771.0;644.8;807.7;701.6;744.7;744.6
"Produktion (mio. kg)";"Region Hovedstaden";"Lucerne";7.1;5.3;6.1;6.1;1.6;2.4;5.1;3.6;3.2;3.2;4.6
"Produktion (mio. kg)";"Region Hovedstaden";"Majs til ensilering";114.1;101.6;119.2;109.8;89.6;126.0;100.0;92.2;94.6;96.8;84.8
"Produktion (mio. kg)";"Region Hovedstaden";"Korn til ensilering";15.0;13.4;13.1;12.8;8.0;11.7;13.0;7.5;4.9;3.5;4.0
"Produktion (mio. kg)";"Region Hovedstaden";"Grćs og klřver i omdriften";489.5;371.1;372.2;474.2;282.8;408.3;379.2;427.8;467.0;482.1;497.8
"Produktion (mio. kg)";"Region Hovedstaden";"Grćs uden for omdriften";182.5;254.6;257.8;220.8;250.0;215.3;140.4;270.9;125.5;155.2;148.4
"Produktion (mio. kg)";"Region Hovedstaden";"Efterslćt efter korn og helsćd";7.0;7.4;7.4;8.6;5.2;7.3;7.2;5.8;6.5;3.9;5.0
"Produktion (mio. kg)";"Landsdelene Byen Křbenhavn, Křbenhavns omegn og Nordsjćlland";"Vinterhvede";116.8;114.2;102.3;109.3;53.9;94.0;92.9;86.5;88.7;63.9;89.7
"Produktion (mio. kg)";"Landsdelene Byen Křbenhavn, Křbenhavns omegn og Nordsjćlland";"Vĺrhvede";2.2;2.6;2.8;2.1;1.5;2.4;3.8;2.7;1.8;0.9;1.1
"Produktion (mio. kg)";"Landsdelene Byen Křbenhavn, Křbenhavns omegn og Nordsjćlland";"Rug";25.7;20.0;19.2;19.0;11.9;30.4;28.2;22.0;23.4;21.0;27.8
"Produktion (mio. kg)";"Landsdelene Byen Křbenhavn, Křbenhavns omegn og Nordsjćlland";"Triticale";0.5;0.6;0.7;0.5;0.4;0.9;0.8;0.6;0.6;0.3;0.3
"Produktion (mio. kg)";"Landsdelene Byen Křbenhavn, Křbenhavns omegn og Nordsjćlland";"Vinterbyg";15.3;12.5;10.2;16.8;6.6;10.8;11.1;10.8;8.9;5.4;9.4
"Produktion (mio. kg)";"Landsdelene Byen Křbenhavn, Křbenhavns omegn og Nordsjćlland";"Vĺrbyg";48.1;52.5;59.4;57.9;50.4;54.0;64.3;48.4;60.6;24.4;41.6
"Produktion (mio. kg)";"Landsdelene Byen Křbenhavn, Křbenhavns omegn og Nordsjćlland";"Havre, blandsćd og andet korn";7.4;6.5;8.3;10.3;6.3;5.7;16.8;7.5;6.5;6.0;5.9
"Produktion (mio. kg)";"Landsdelene Byen Křbenhavn, Křbenhavns omegn og Nordsjćlland";"Majs til modenhed";0.5;0.5;0.4;0.5;0.5;0.6;0.5;0.4;0.4;0.5;0.5
"Produktion (mio. kg)";"Landsdelene Byen Křbenhavn, Křbenhavns omegn og Nordsjćlland";"RAPS I ALT";23.9;26.8;18.5;24.9;14.8;22.6;19.2;20.6;26.4;20.6;17.9
"Produktion (mio. kg)";"Landsdelene Byen Křbenhavn, Křbenhavns omegn og Nordsjćlland";"Vinterraps";23.9;..;..;..;..;..;..;..;..;..;..
"Produktion (mio. kg)";"Landsdelene Byen Křbenhavn, Křbenhavns omegn og Nordsjćlland";"Vĺrraps";0.0;..;..;..;..;..;..;..;..;..;..
"Produktion (mio. kg)";"Landsdelene Byen Křbenhavn, Křbenhavns omegn og Nordsjćlland";"BĆLGSĆD I ALT";0.5;0.8;0.9;1.9;2.0;1.5;1.7;1.2;2.6;0.8;1.3
"Produktion (mio. kg)";"Landsdelene Byen Křbenhavn, Křbenhavns omegn og Nordsjćlland";"Markćrter";0.4;0.5;0.3;0.6;0.4;0.2;0.7;0.7;1.6;0.4;0.4
"Produktion (mio. kg)";"Landsdelene Byen Křbenhavn, Křbenhavns omegn og Nordsjćlland";"Hestebřnner";..;..;..;..;..;..;1.1;0.5;0.9;0.4;0.9
"Produktion (mio. kg)";"Landsdelene Byen Křbenhavn, Křbenhavns omegn og Nordsjćlland";"HALM I ALT, DER ER BJĆRGET";47.8;43.5;34.4;46.0;46.8;37.3;37.7;28.6;43.4;28.3;51.2
"Produktion (mio. kg)";"Landsdelene Byen Křbenhavn, Křbenhavns omegn og Nordsjćlland";"Halm af korn, der er bjćrget";46.3;42.4;32.6;44.2;44.0;35.8;37.5;27.9;41.8;28.1;49.6
"Produktion (mio. kg)";"Landsdelene Byen Křbenhavn, Křbenhavns omegn og Nordsjćlland";"RODFRUGTER (ROD) I ALT";29.3;15.5;15.4;25.8;18.8;35.2;27.2;27.1;26.1;26.3;28.2
"Produktion (mio. kg)";"Landsdelene Byen Křbenhavn, Křbenhavns omegn og Nordsjćlland";"Lćggekartofler under kontrol";0.6;0.2;0.2;0.2;0.3;1.0;1.2;1.5;1.6;2.4;1.5
"Produktion (mio. kg)";"Landsdelene Byen Křbenhavn, Křbenhavns omegn og Nordsjćlland";"Kartofler til melproduktion";3.0;77.9;80.5;0.0;0.0;0.0;1.5;0.3;0.0;0.8;0.4
"Produktion (mio. kg)";"Landsdelene Byen Křbenhavn, Křbenhavns omegn og Nordsjćlland";"Spisekartofler";14.7;11.8;11.6;17.9;10.5;29.7;19.5;19.9;20.8;12.1;14.9
"Produktion (mio. kg)";"Landsdelene Byen Křbenhavn, Křbenhavns omegn og Nordsjćlland";"Sukkerroer til fabrik";5.8;0.7;2.2;0.0;0.0;0.0;0.0;0.0;0.0;0.0;0.0
"Produktion (mio. kg)";"Landsdelene Byen Křbenhavn, Křbenhavns omegn og Nordsjćlland";"Fodersukkerroer og anden rodfrugt til foder";5.1;2.8;2.1;7.7;8.0;4.6;5.1;5.4;3.7;11.0;11.5
"Produktion (mio. kg)";"Landsdelene Byen Křbenhavn, Křbenhavns omegn og Nordsjćlland";"GRĆS, GRŘNTFODER OG EFTERSLĆT I ALT";581.6;519.0;547.9;583.0;469.9;530.6;445.2;590.1;483.0;507.0;524.5
"Produktion (mio. kg)";"Landsdelene Byen Křbenhavn, Křbenhavns omegn og Nordsjćlland";"Lucerne";4.1;4.1;5.0;4.8;1.3;2.3;5.1;3.6;2.8;2.4;3.5
"Produktion (mio. kg)";"Landsdelene Byen Křbenhavn, Křbenhavns omegn og Nordsjćlland";"Majs til ensilering";33.6;21.1;24.8;24.4;22.6;26.8;21.5;21.8;17.0;15.2;14.5
"Produktion (mio. kg)";"Landsdelene Byen Křbenhavn, Křbenhavns omegn og Nordsjćlland";"Korn til ensilering";6.7;6.6;5.6;7.5;5.2;9.1;8.4;5.3;3.6;2.5;3.0
"Produktion (mio. kg)";"Landsdelene Byen Křbenhavn, Křbenhavns omegn og Nordsjćlland";"Grćs og klřver i omdriften";368.3;256.0;274.5;350.9;209.1;301.2;284.0;321.4;346.9;349.0;370.6
"Produktion (mio. kg)";"Landsdelene Byen Křbenhavn, Křbenhavns omegn og Nordsjćlland";"Grćs uden for omdriften";165.0;226.8;234.0;190.2;228.6;186.5;121.9;234.4;108.8;135.5;129.8
"Produktion (mio. kg)";"Landsdelene Byen Křbenhavn, Křbenhavns omegn og Nordsjćlland";"Efterslćt efter korn og helsćd";3.9;4.4;4.4;5.2;3.1;4.7;4.3;3.5;3.9;2.3;3.0
"Produktion (mio. kg)";"Landsdel Bornholm";"Vinterhvede";104.1;105.1;92.7;104.8;55.4;109.7;94.6;78.6;97.8;86.1;93.0
"Produktion (mio. kg)";"Landsdel Bornholm";"Vĺrhvede";2.4;2.9;1.9;2.4;1.6;2.4;3.2;1.6;1.9;1.3;1.3
"Produktion (mio. kg)";"Landsdel Bornholm";"Rug";3.0;5.0;4.5;4.3;1.4;3.4;2.1;1.9;2.4;2.2;4.0
"Produktion (mio. kg)";"Landsdel Bornholm";"Triticale";0.3;0.2;0.1;0.4;0.1;0.3;0.2;0.1;0.1;0.2;0.0
"Produktion (mio. kg)";"Landsdel Bornholm";"Vinterbyg";15.5;14.9;11.7;14.3;8.0;13.9;11.3;8.5;9.3;8.8;10.4
"Produktion (mio. kg)";"Landsdel Bornholm";"Vĺrbyg";32.5;34.5;34.6;35.3;27.3;39.3;49.1;27.2;39.2;18.2;30.4
"Produktion (mio. kg)";"Landsdel Bornholm";"Havre, blandsćd og andet korn";1.6;2.1;1.9;2.1;1.5;2.8;5.1;2.6;1.8;0.4;1.8
"Produktion (mio. kg)";"Landsdel Bornholm";"Majs til modenhed";0.9;0.6;0.1;0.1;0.1;0.1;0.1;0.0;0.5;0.0;0.0
"Produktion (mio. kg)";"Landsdel Bornholm";"RAPS I ALT";10.2;12.8;11.7;14.2;7.0;10.2;11.3;10.4;16.2;11.3;12.0
"Produktion (mio. kg)";"Landsdel Bornholm";"Vinterraps";10.1;..;..;..;..;..;..;..;..;..;..
"Produktion (mio. kg)";"Landsdel Bornholm";"Vĺrraps";0.1;..;..;..;..;..;..;..;..;..;..
"Produktion (mio. kg)";"Landsdel Bornholm";"BĆLGSĆD I ALT";1.0;2.4;2.8;4.1;3.4;3.1;3.3;1.8;1.9;2.9;1.6
"Produktion (mio. kg)";"Landsdel Bornholm";"Markćrter";0.3;0.2;0.1;0.2;0.1;0.3;0.4;0.2;0.8;1.9;1.0
"Produktion (mio. kg)";"Landsdel Bornholm";"Hestebřnner";..;..;..;..;..;..;2.9;1.6;1.1;1.0;0.6
"Produktion (mio. kg)";"Landsdel Bornholm";"HALM I ALT, DER ER BJĆRGET";40.9;34.6;41.7;46.8;39.6;43.4;37.7;31.8;56.8;35.8;42.5
"Produktion (mio. kg)";"Landsdel Bornholm";"Halm af korn, der er bjćrget";40.1;34.3;40.4;46.6;38.7;42.8;36.9;30.9;54.5;35.2;41.2
"Produktion (mio. kg)";"Landsdel Bornholm";"RODFRUGTER (ROD) I ALT";4.8;2.1;1.3;1.5;1.1;1.6;1.1;1.0;1.0;1.0;2.1
"Produktion (mio. kg)";"Landsdel Bornholm";"Lćggekartofler under kontrol";44.2;32.7;0.0;0.0;0.0;0.0;0.0;0.0;0.0;0.0;0.0
"Produktion (mio. kg)";"Landsdel Bornholm";"Kartofler til melproduktion";296.5;291.5;212.5;0.0;0.0;0.0;0.0;0.0;0.0;0.0;0.0
"Produktion (mio. kg)";"Landsdel Bornholm";"Spisekartofler";0.5;1.0;0.8;1.1;0.5;1.3;0.8;0.7;0.7;0.5;0.4
"Produktion (mio. kg)";"Landsdel Bornholm";"Sukkerroer til fabrik";656.8;541.0;587.1;0.0;0.0;0.0;0.0;0.0;0.0;0.0;0.0
"Produktion (mio. kg)";"Landsdel Bornholm";"Fodersukkerroer og anden rodfrugt til foder";4.3;1.1;0.5;0.4;0.6;0.3;0.3;0.3;0.3;0.5;1.7
"Produktion (mio. kg)";"Landsdel Bornholm";"GRĆS, GRŘNTFODER OG EFTERSLĆT I ALT";233.5;234.5;227.6;249.3;167.2;240.4;199.6;217.6;218.6;237.7;220.2
"Produktion (mio. kg)";"Landsdel Bornholm";"Lucerne";3.0;1.2;1.1;1.4;0.3;0.2;0.0;0.0;0.4;0.8;1.1
"Produktion (mio. kg)";"Landsdel Bornholm";"Majs til ensilering";80.5;80.5;94.4;85.3;67.0;99.2;78.5;70.4;77.6;81.6;70.3
"Produktion (mio. kg)";"Landsdel Bornholm";"Korn til ensilering";8.3;6.9;7.5;5.3;2.8;2.5;4.6;2.1;1.3;1.0;1.0
"Produktion (mio. kg)";"Landsdel Bornholm";"Grćs og klřver i omdriften";121.2;115.1;97.6;123.3;73.7;107.1;95.2;106.3;120.1;133.1;127.1
"Produktion (mio. kg)";"Landsdel Bornholm";"Grćs uden for omdriften";17.4;27.8;23.7;30.6;21.4;28.8;18.5;36.5;16.7;19.6;18.6
"Produktion (mio. kg)";"Landsdel Bornholm";"Efterslćt efter korn og helsćd";3.1;3.0;3.0;3.5;2.0;2.6;2.9;2.3;2.6;1.6;2.0
"Produktion (mio. kg)";"Region Sjćlland";"Vinterhvede";1336.3;1324.8;1184.7;1182.1;628.8;1260.6;1120.8;1110.5;1141.1;1016.9;1061.5
"Produktion (mio. kg)";"Region Sjćlland";"Vĺrhvede";11.4;12.5;15.8;15.1;25.1;13.1;25.6;25.0;15.3;7.3;10.3
"Produktion (mio. kg)";"Region Sjćlland";"Rug";50.4;55.7;42.1;48.0;30.6;72.1;65.2;53.3;57.2;54.2;59.4
"Produktion (mio. kg)";"Region Sjćlland";"Triticale";7.6;8.8;6.3;4.9;1.4;2.9;2.3;2.4;1.3;0.9;1.2
"Produktion (mio. kg)";"Region Sjćlland";"Vinterbyg";97.4;83.2;75.4;87.5;40.9;72.1;65.4;56.1;48.6;35.7;46.9
"Produktion (mio. kg)";"Region Sjćlland";"Vĺrbyg";719.8;849.0;725.7;763.9;701.1;805.7;807.0;663.3;809.0;469.6;659.2
"Produktion (mio. kg)";"Region Sjćlland";"Havre, blandsćd og andet korn";15.2;14.5;16.0;19.4;17.3;26.9;47.6;32.3;26.6;11.8;23.6
"Produktion (mio. kg)";"Region Sjćlland";"Majs til modenhed";5.6;6.9;4.9;3.9;3.0;5.1;3.6;3.9;9.1;5.5;12.5
"Produktion (mio. kg)";"Region Sjćlland";"RAPS I ALT";190.0;206.2;131.2;185.6;125.3;174.7;165.5;178.7;244.5;213.8;185.3
"Produktion (mio. kg)";"Region Sjćlland";"Vinterraps";189.0;..;..;..;..;..;..;..;..;..;..
"Produktion (mio. kg)";"Region Sjćlland";"Vĺrraps";1.0;..;..;..;..;..;..;..;..;..;..
"Produktion (mio. kg)";"Region Sjćlland";"BĆLGSĆD I ALT";9.2;11.1;9.6;14.5;16.0;17.1;25.5;20.0;27.1;16.4;14.8
"Produktion (mio. kg)";"Region Sjćlland";"Markćrter";6.2;7.1;5.3;9.0;8.5;9.6;17.2;12.6;17.5;11.1;8.9
"Produktion (mio. kg)";"Region Sjćlland";"Hestebřnner";..;..;..;..;..;..;8.3;7.5;9.6;5.3;5.9
"Produktion (mio. kg)";"Region Sjćlland";"HALM I ALT, DER ER BJĆRGET";653.4;555.2;544.2;616.2;678.1;707.8;538.7;495.6;580.4;498.6;681.3
"Produktion (mio. kg)";"Region Sjćlland";"Halm af korn, der er bjćrget";629.3;536.3;534.1;603.4;634.4;695.6;520.9;486.4;560.8;482.5;661.4
"Produktion (mio. kg)";"Region Sjćlland";"RODFRUGTER (ROD) I ALT";2230.2;1763.4;1757.0;2491.4;2118.9;2372.3;2565.7;2586.4;2307.6;2283.3;2600.8
"Produktion (mio. kg)";"Region Sjćlland";"Lćggekartofler under kontrol";20.4;19.7;33.6;25.4;14.8;22.4;20.6;18.3;21.0;20.8;21.6
"Produktion (mio. kg)";"Region Sjćlland";"Kartofler til melproduktion";403.5;0.5;433.0;0.0;0.0;0.0;6.0;3.6;1.9;0.1;1.8
"Produktion (mio. kg)";"Region Sjćlland";"Spisekartofler";61.4;59.6;49.2;58.5;37.0;63.0;39.8;50.5;43.4;40.1;41.1
"Produktion (mio. kg)";"Region Sjćlland";"Sukkerroer til fabrik";2137.1;1669.8;2312.2;2400.4;2060.0;2280.3;2494.6;2508.3;2235.8;2217.6;2530.6
"Produktion (mio. kg)";"Region Sjćlland";"Fodersukkerroer og anden rodfrugt til foder";11.2;13.7;10.5;7.0;7.1;6.6;4.7;5.7;5.5;4.6;5.7
"Produktion (mio. kg)";"Region Sjćlland";"GRĆS, GRŘNTFODER OG EFTERSLĆT I ALT";1283.0;1217.9;1352.0;1626.7;1061.2;1509.5;1200.8;1275.6;1317.3;1181.7;1219.7
"Produktion (mio. kg)";"Region Sjćlland";"Lucerne";28.9;28.2;21.5;30.9;11.4;15.0;8.9;5.7;8.9;8.6;10.1
"Produktion (mio. kg)";"Region Sjćlland";"Majs til ensilering";212.5;216.3;202.5;211.6;175.1;258.0;175.1;190.0;204.2;258.6;217.7
"Produktion (mio. kg)";"Region Sjćlland";"Korn til ensilering";23.2;22.8;25.5;19.1;13.2;33.9;21.6;20.1;27.7;27.0;31.2
"Produktion (mio. kg)";"Region Sjćlland";"Grćs og klřver i omdriften";656.8;541.0;587.1;959.8;531.9;806.7;728.5;730.9;745.5;670.2;682.4
"Produktion (mio. kg)";"Region Sjćlland";"Grćs uden for omdriften";347.0;397.1;502.2;375.2;305.9;359.6;230.9;298.8;295.0;194.7;249.1
"Produktion (mio. kg)";"Region Sjćlland";"Efterslćt efter korn og helsćd";14.5;12.5;12.5;30.1;23.7;36.4;35.8;30.2;36.0;22.7;29.1
"Produktion (mio. kg)";"Region Syddanmark";"Vinterhvede";1363.1;1341.0;1109.5;1321.3;675.0;1251.4;1058.9;1062.7;1104.6;986.7;842.1
"Produktion (mio. kg)";"Region Syddanmark";"Vĺrhvede";16.9;18.0;18.0;23.4;50.8;25.8;29.3;49.8;36.8;20.1;15.6
"Produktion (mio. kg)";"Region Syddanmark";"Rug";178.1;205.8;154.4;206.6;122.9;235.3;183.2;180.5;187.0;161.8;147.4
"Produktion (mio. kg)";"Region Syddanmark";"Triticale";15.9;11.8;8.2;8.2;7.2;9.3;4.8;5.7;4.7;3.6;3.8
"Produktion (mio. kg)";"Region Syddanmark";"Vinterbyg";256.4;258.0;215.0;253.4;129.0;199.4;172.7;128.3;125.0;98.0;95.0
"Produktion (mio. kg)";"Region Syddanmark";"Vĺrbyg";714.6;792.1;869.3;847.5;839.2;760.2;972.1;788.1;1063.8;622.0;683.3
"Produktion (mio. kg)";"Region Syddanmark";"Havre, blandsćd og andet korn";77.9;78.8;94.4;119.6;112.8;94.9;163.7;132.7;154.7;93.3;94.6
"Produktion (mio. kg)";"Region Syddanmark";"Majs til modenhed";42.6;27.9;24.0;18.5;18.3;20.4;18.9;22.5;28.8;18.3;26.0
"Produktion (mio. kg)";"Region Syddanmark";"RAPS I ALT";205.9;214.9;141.6;204.4;131.7;171.5;152.0;153.2;223.1;208.9;162.7
"Produktion (mio. kg)";"Region Syddanmark";"Vinterraps";205.4;..;..;..;..;..;..;..;..;..;..
"Produktion (mio. kg)";"Region Syddanmark";"Vĺrraps";0.4;..;..;..;..;..;..;..;..;..;..
"Produktion (mio. kg)";"Region Syddanmark";"BĆLGSĆD I ALT";7.8;14.1;16.4;29.7;26.7;24.1;33.4;40.0;58.4;43.2;36.6
"Produktion (mio. kg)";"Region Syddanmark";"Markćrter";2.5;3.4;3.5;5.6;3.5;4.3;6.1;10.5;20.4;16.0;10.2
"Produktion (mio. kg)";"Region Syddanmark";"Hestebřnner";..;..;..;..;..;..;27.3;29.5;38.0;27.2;26.4
"Produktion (mio. kg)";"Region Syddanmark";"HALM I ALT, DER ER BJĆRGET";893.7;1004.6;979.8;1103.4;1048.7;1091.3;1054.2;987.8;1199.8;881.9;959.9
"Produktion (mio. kg)";"Region Syddanmark";"Halm af korn, der er bjćrget";860.3;955.3;958.5;1072.3;973.3;1063.5;1023.8;962.6;1140.5;842.0;911.2
"Produktion (mio. kg)";"Region Syddanmark";"RODFRUGTER (ROD) I ALT";596.4;571.4;665.5;764.0;640.9;883.3;947.4;811.4;904.0;1014.2;1043.7
"Produktion (mio. kg)";"Region Syddanmark";"Lćggekartofler under kontrol";44.9;43.4;45.8;62.8;36.5;63.7;62.3;63.0;58.5;58.2;58.9
"Produktion (mio. kg)";"Region Syddanmark";"Kartofler til melproduktion";249.6;304.6;367.9;384.8;372.6;485.3;569.0;482.5;591.6;679.9;724.5
"Produktion (mio. kg)";"Region Syddanmark";"Spisekartofler";200.0;124.4;133.1;206.4;115.5;156.1;143.4;104.8;99.2;72.7;58.1
"Produktion (mio. kg)";"Region Syddanmark";"Sukkerroer til fabrik";21.6;25.1;35.4;54.2;47.6;59.7;63.9;64.8;56.0;62.9;56.4
"Produktion (mio. kg)";"Region Syddanmark";"Fodersukkerroer og anden rodfrugt til foder";80.3;73.9;88.5;55.8;68.7;118.5;108.7;96.3;98.7;140.4;145.8
"Produktion (mio. kg)";"Region Syddanmark";"GRĆS, GRŘNTFODER OG EFTERSLĆT I ALT";9745.8;9210.1;10480.2;9166.5;8163.0;9122.6;9384.4;8694.7;8259.4;8355.9;8240.0
"Produktion (mio. kg)";"Region Syddanmark";"Lucerne";129.4;78.0;60.1;53.2;12.1;17.7;25.6;13.6;9.9;6.8;4.6
"Produktion (mio. kg)";"Region Syddanmark";"Majs til ensilering";3647.9;3006.4;3719.5;3261.2;3328.5;3700.7;3649.9;3227.7;3214.0;3817.6;3452.9
"Produktion (mio. kg)";"Region Syddanmark";"Korn til ensilering";405.8;329.9;355.1;249.3;224.3;315.4;312.8;244.4;271.4;221.8;276.9
"Produktion (mio. kg)";"Region Syddanmark";"Grćs og klřver i omdriften";4533.5;4430.3;4927.6;4763.4;3639.9;4185.3;4379.6;4161.2;4075.5;3835.8;3971.6
"Produktion (mio. kg)";"Region Syddanmark";"Grćs uden for omdriften";837.8;1188.6;1234.5;694.3;837.2;730.5;849.7;907.2;522.0;372.6;407.7
"Produktion (mio. kg)";"Region Syddanmark";"Efterslćt efter korn og helsćd";191.4;177.0;177.0;145.2;121.0;173.0;166.8;140.6;166.6;101.4;126.4
"Produktion (mio. kg)";"Landsdel Fyn";"Vinterhvede";655.7;654.4;561.3;615.1;373.8;586.8;493.2;501.9;517.7;445.4;430.1
"Produktion (mio. kg)";"Landsdel Fyn";"Vĺrhvede";3.7;3.1;3.4;5.4;12.3;4.6;6.4;10.6;8.6;4.3;4.4
"Produktion (mio. kg)";"Landsdel Fyn";"Rug";39.9;45.6;35.8;42.0;35.5;56.9;51.9;48.5;39.6;29.8;36.3
"Produktion (mio. kg)";"Landsdel Fyn";"Triticale";2.2;1.9;1.8;1.6;1.3;2.7;1.2;0.7;0.6;0.3;0.1
"Produktion (mio. kg)";"Landsdel Fyn";"Vinterbyg";98.3;93.5;74.4;83.8;48.2;71.3;58.1;42.7;38.1;27.2;30.9
"Produktion (mio. kg)";"Landsdel Fyn";"Vĺrbyg";190.7;209.9;262.5;241.5;228.6;226.5;305.8;254.3;339.6;162.5;222.6
"Produktion (mio. kg)";"Landsdel Fyn";"Havre, blandsćd og andet korn";12.7;10.9;12.4;14.8;13.5;14.7;29.0;28.8;24.7;14.0;16.3
"Produktion (mio. kg)";"Landsdel Fyn";"Majs til modenhed";6.5;7.8;6.4;4.3;2.6;3.4;6.0;5.9;7.5;8.2;11.8
"Produktion (mio. kg)";"Landsdel Fyn";"RAPS I ALT";104.7;109.0;65.1;99.6;70.5;84.4;74.7;77.7;105.4;88.3;83.8
"Produktion (mio. kg)";"Landsdel Fyn";"Vinterraps";104.6;..;..;..;..;..;..;..;..;..;..
"Produktion (mio. kg)";"Landsdel Fyn";"Vĺrraps";0.2;..;..;..;..;..;..;..;..;..;..
"Produktion (mio. kg)";"Landsdel Fyn";"BĆLGSĆD I ALT";1.8;3.9;4.8;8.5;5.9;7.1;7.6;10.7;16.3;10.9;10.4
"Produktion (mio. kg)";"Landsdel Fyn";"Markćrter";0.7;1.3;1.8;2.8;1.5;2.3;1.9;4.0;8.5;6.3;4.8
"Produktion (mio. kg)";"Landsdel Fyn";"Hestebřnner";..;..;..;..;..;..;5.7;6.7;7.9;4.6;5.6
"Produktion (mio. kg)";"Landsdel Fyn";"HALM I ALT, DER ER BJĆRGET";370.4;424.9;398.2;450.7;404.4;446.5;404.4;382.1;458.4;295.9;385.5
"Produktion (mio. kg)";"Landsdel Fyn";"Halm af korn, der er bjćrget";349.3;394.8;386.0;430.4;363.0;428.9;385.9;370.6;425.6;275.5;361.0
"Produktion (mio. kg)";"Landsdel Fyn";"RODFRUGTER (ROD) I ALT";76.9;68.3;75.6;104.3;83.2;115.4;133.9;128.3;120.1;122.9;109.9
"Produktion (mio. kg)";"Landsdel Fyn";"Lćggekartofler under kontrol";4.7;3.1;3.5;4.0;3.6;6.9;5.3;2.6;3.5;2.9;3.0
"Produktion (mio. kg)";"Landsdel Fyn";"Kartofler til melproduktion";4.0;3.1;3.9;3.2;3.5;10.6;21.4;23.4;21.5;11.0;12.5
"Produktion (mio. kg)";"Landsdel Fyn";"Spisekartofler";37.8;29.3;30.9;38.2;24.0;28.8;31.9;27.0;30.5;14.6;14.7
"Produktion (mio. kg)";"Landsdel Fyn";"Sukkerroer til fabrik";20.8;24.5;34.9;54.2;47.6;59.7;63.9;64.8;56.0;62.9;56.4
"Produktion (mio. kg)";"Landsdel Fyn";"Fodersukkerroer og anden rodfrugt til foder";9.6;8.2;7.6;4.7;4.6;9.5;11.4;10.4;8.6;31.4;23.4
"Produktion (mio. kg)";"Landsdel Fyn";"GRĆS, GRŘNTFODER OG EFTERSLĆT I ALT";1214.4;1213.5;1267.3;1101.0;914.8;1125.0;1241.6;1201.5;975.2;862.7;835.8
"Produktion (mio. kg)";"Landsdel Fyn";"Lucerne";27.4;27.8;17.5;14.2;1.6;2.3;4.5;1.4;2.8;1.3;0.9
"Produktion (mio. kg)";"Landsdel Fyn";"Majs til ensilering";433.0;398.0;394.3;385.6;346.4;487.0;439.0;376.5;366.3;419.0;361.3
"Produktion (mio. kg)";"Landsdel Fyn";"Korn til ensilering";24.5;22.2;22.0;15.5;12.8;21.6;20.6;14.7;12.5;9.8;13.7
"Produktion (mio. kg)";"Landsdel Fyn";"Grćs og klřver i omdriften";492.7;448.2;567.6;517.9;366.5;461.2;475.4;528.2;469.2;318.5;330.6
"Produktion (mio. kg)";"Landsdel Fyn";"Grćs uden for omdriften";224.1;307.6;256.1;150.5;174.1;133.9;283.4;264.7;106.5;103.0;114.7
"Produktion (mio. kg)";"Landsdel Fyn";"Efterslćt efter korn og helsćd";12.8;9.7;9.7;17.3;13.3;19.1;18.6;16.0;18.0;11.2;14.6
"Produktion (mio. kg)";"Landsdel Sydjylland";"Vinterhvede";707.5;686.6;548.2;706.2;301.2;664.6;565.8;560.9;586.9;541.2;412.0
"Produktion (mio. kg)";"Landsdel Sydjylland";"Vĺrhvede";13.2;14.9;14.7;18.1;38.5;21.2;22.9;39.2;28.2;15.8;11.2
"Produktion (mio. kg)";"Landsdel Sydjylland";"Rug";138.2;160.2;118.5;164.6;87.4;178.5;131.3;132.0;147.5;132.0;111.1
"Produktion (mio. kg)";"Landsdel Sydjylland";"Triticale";13.7;10.0;6.4;6.6;6.0;6.6;3.6;5.0;4.2;3.3;3.6
"Produktion (mio. kg)";"Landsdel Sydjylland";"Vinterbyg";158.0;164.5;140.6;169.6;80.8;128.1;114.6;85.6;86.9;70.9;64.1
"Produktion (mio. kg)";"Landsdel Sydjylland";"Vĺrbyg";523.8;582.3;606.7;605.9;610.6;533.8;666.2;533.8;724.1;459.6;460.7
"Produktion (mio. kg)";"Landsdel Sydjylland";"Havre, blandsćd og andet korn";65.2;67.9;82.0;104.8;99.3;80.2;134.7;103.9;130.0;79.3;78.3
"Produktion (mio. kg)";"Landsdel Sydjylland";"Majs til modenhed";36.2;20.1;17.7;14.1;15.6;17.0;12.9;16.6;21.4;10.1;14.2
"Produktion (mio. kg)";"Landsdel Sydjylland";"RAPS I ALT";101.1;105.9;76.4;104.8;61.3;87.1;77.3;75.6;117.7;120.6;79.0
"Produktion (mio. kg)";"Landsdel Sydjylland";"Vinterraps";100.9;..;..;..;..;..;..;..;..;..;..
"Produktion (mio. kg)";"Landsdel Sydjylland";"Vĺrraps";0.3;..;..;..;..;..;..;..;..;..;..
"Produktion (mio. kg)";"Landsdel Sydjylland";"BĆLGSĆD I ALT";6.0;10.3;11.5;21.2;20.8;17.0;25.8;29.2;42.1;32.3;26.3
"Produktion (mio. kg)";"Landsdel Sydjylland";"Markćrter";1.8;2.2;1.7;2.8;2.1;2.0;4.2;6.5;11.9;9.7;5.4
"Produktion (mio. kg)";"Landsdel Sydjylland";"Hestebřnner";..;..;..;..;..;..;21.6;22.8;30.2;22.6;20.8
"Produktion (mio. kg)";"Landsdel Sydjylland";"HALM I ALT, DER ER BJĆRGET";523.3;579.7;581.6;652.8;644.3;644.8;649.8;605.7;741.4;586.0;574.3
"Produktion (mio. kg)";"Landsdel Sydjylland";"Halm af korn, der er bjćrget";511.1;560.5;572.5;641.9;610.3;634.6;637.9;592.0;714.9;566.5;550.3
"Produktion (mio. kg)";"Landsdel Sydjylland";"RODFRUGTER (ROD) I ALT";519.5;503.1;590.0;659.8;557.7;767.9;813.5;683.2;783.9;891.3;933.8
"Produktion (mio. kg)";"Landsdel Sydjylland";"Lćggekartofler under kontrol";40.2;40.2;42.3;58.8;32.9;56.8;57.0;60.3;55.0;55.4;56.0
"Produktion (mio. kg)";"Landsdel Sydjylland";"Kartofler til melproduktion";245.6;301.5;364.0;381.6;369.2;474.7;547.6;459.1;570.2;668.9;712.0
"Produktion (mio. kg)";"Landsdel Sydjylland";"Spisekartofler";162.2;95.1;102.3;168.2;91.5;127.3;111.6;77.7;68.6;58.0;43.4
"Produktion (mio. kg)";"Landsdel Sydjylland";"Sukkerroer til fabrik";0.8;0.6;0.5;0.0;0.0;0.0;0.0;0.0;0.0;0.0;0.0
"Produktion (mio. kg)";"Landsdel Sydjylland";"Fodersukkerroer og anden rodfrugt til foder";70.7;65.8;80.9;51.1;64.1;109.0;97.3;86.0;90.1;109.0;122.4
"Produktion (mio. kg)";"Landsdel Sydjylland";"GRĆS, GRŘNTFODER OG EFTERSLĆT I ALT";8531.4;7996.7;9213.0;8065.5;7248.2;7997.6;8142.9;7493.2;7284.1;7493.2;7404.3
"Produktion (mio. kg)";"Landsdel Sydjylland";"Lucerne";102.0;50.2;42.6;38.9;10.5;15.4;21.1;12.2;7.1;5.5;3.7
"Produktion (mio. kg)";"Landsdel Sydjylland";"Majs til ensilering";3214.9;2608.5;3325.2;2875.6;2982.1;3213.7;3210.9;2851.2;2847.7;3398.6;3091.6
"Produktion (mio. kg)";"Landsdel Sydjylland";"Korn til ensilering";381.3;307.7;333.1;233.7;211.5;293.8;292.2;229.7;258.9;211.9;263.1
"Produktion (mio. kg)";"Landsdel Sydjylland";"Grćs og klřver i omdriften";4040.8;3982.1;4360.0;4245.6;3273.3;3724.2;3904.1;3633.0;3606.3;3517.3;3640.9
"Produktion (mio. kg)";"Landsdel Sydjylland";"Grćs uden for omdriften";613.8;880.9;978.4;543.8;663.1;596.7;566.3;642.5;415.6;269.6;293.0
"Produktion (mio. kg)";"Landsdel Sydjylland";"Efterslćt efter korn og helsćd";178.6;167.3;167.3;127.9;107.6;153.9;148.2;124.6;148.6;90.2;111.9
"Produktion (mio. kg)";"Region Midtjylland";"Vinterhvede";1318.3;1274.3;994.7;1258.8;673.1;1194.7;1040.3;1013.3;1057.6;890.8;787.5
"Produktion (mio. kg)";"Region Midtjylland";"Vĺrhvede";24.5;21.7;25.9;18.8;28.7;16.3;19.0;26.8;22.5;12.6;7.6
"Produktion (mio. kg)";"Region Midtjylland";"Rug";242.3;291.4;206.7;265.9;183.2;333.0;253.7;244.9;247.8;207.3;223.9
"Produktion (mio. kg)";"Region Midtjylland";"Triticale";40.6;32.1;20.0;25.6;16.4;22.1;18.0;20.5;14.1;12.2;9.4
"Produktion (mio. kg)";"Region Midtjylland";"Vinterbyg";294.1;303.6;250.2;320.9;169.1;278.5;250.3;205.4;181.8;150.5;151.6
"Produktion (mio. kg)";"Region Midtjylland";"Vĺrbyg";870.6;901.9;1072.9;981.1;955.1;898.8;1126.5;987.3;1189.7;740.6;902.2
"Produktion (mio. kg)";"Region Midtjylland";"Havre, blandsćd og andet korn";55.3;68.6;95.5;101.1;91.4;77.9;123.5;110.7;123.4;74.8;88.3
"Produktion (mio. kg)";"Region Midtjylland";"Majs til modenhed";22.1;16.1;13.2;15.0;12.3;13.7;14.6;17.0;20.4;15.0;20.4
"Produktion (mio. kg)";"Region Midtjylland";"RAPS I ALT";177.7;228.0;127.0;192.3;138.8;212.7;138.9;173.4;227.1;224.5;191.1
"Produktion (mio. kg)";"Region Midtjylland";"Vinterraps";177.3;..;..;..;..;..;..;..;..;..;..
"Produktion (mio. kg)";"Region Midtjylland";"Vĺrraps";0.4;..;..;..;..;..;..;..;..;..;..
"Produktion (mio. kg)";"Region Midtjylland";"BĆLGSĆD I ALT";11.6;15.1;17.5;26.5;24.7;23.2;28.7;34.0;51.8;42.3;37.2
"Produktion (mio. kg)";"Region Midtjylland";"Markćrter";6.1;6.8;5.9;6.5;3.8;3.9;5.6;5.3;13.2;13.8;9.9
"Produktion (mio. kg)";"Region Midtjylland";"Hestebřnner";..;..;..;..;..;..;23.1;28.7;38.6;28.5;27.3
"Produktion (mio. kg)";"Region Midtjylland";"HALM I ALT, DER ER BJĆRGET";900.2;892.9;984.1;1096.1;1154.3;1096.7;1005.1;985.1;1103.6;902.1;1043.6
"Produktion (mio. kg)";"Region Midtjylland";"Halm af korn, der er bjćrget";867.5;863.7;967.2;1067.3;1076.0;1065.5;984.2;963.0;1069.2;872.3;1003.9
"Produktion (mio. kg)";"Region Midtjylland";"RODFRUGTER (ROD) I ALT";1031.0;989.4;1057.6;1112.0;956.6;1242.1;1428.3;1189.1;1316.9;1425.8;1563.3
"Produktion (mio. kg)";"Region Midtjylland";"Lćggekartofler under kontrol";88.1;87.3;92.8;135.9;83.6;120.1;130.9;130.3;131.5;152.6;164.7
"Produktion (mio. kg)";"Region Midtjylland";"Kartofler til melproduktion";569.9;602.2;669.3;711.3;724.0;896.3;1083.9;911.2;1037.4;1107.1;1239.7
"Produktion (mio. kg)";"Region Midtjylland";"Spisekartofler";249.2;181.9;181.3;197.3;106.4;165.0;143.1;67.6;57.4;46.3;44.1
"Produktion (mio. kg)";"Region Midtjylland";"Sukkerroer til fabrik";0.8;0.4;0.3;0.0;0.0;0.0;0.0;0.0;0.0;0.0;0.0
"Produktion (mio. kg)";"Region Midtjylland";"Fodersukkerroer og anden rodfrugt til foder";123.0;117.7;114.0;67.6;42.5;60.7;70.4;80.0;90.7;119.8;114.8
"Produktion (mio. kg)";"Region Midtjylland";"GRĆS, GRŘNTFODER OG EFTERSLĆT I ALT";8900.1;7400.1;7737.6;7555.5;5956.9;6991.4;7057.3;6866.7;6576.6;6908.9;7007.1
"Produktion (mio. kg)";"Region Midtjylland";"Lucerne";46.2;19.5;13.7;17.1;3.5;6.9;5.8;5.0;3.8;2.9;6.0
"Produktion (mio. kg)";"Region Midtjylland";"Majs til ensilering";2230.0;1323.5;1637.7;1827.6;1677.8;2104.1;2147.5;2001.4;1855.3;2208.2;2031.4
"Produktion (mio. kg)";"Region Midtjylland";"Korn til ensilering";358.5;289.7;309.1;284.4;204.2;340.1;280.9;227.9;264.8;272.4;316.9
"Produktion (mio. kg)";"Region Midtjylland";"Grćs og klřver i omdriften";5023.9;4239.8;4418.7;4441.7;2920.1;3785.6;3811.4;3862.3;3768.3;3704.2;3856.6
"Produktion (mio. kg)";"Region Midtjylland";"Grćs uden for omdriften";1052.1;1354.2;1174.3;832.5;1047.9;604.5;673.8;653.0;542.5;628.5;686.3
"Produktion (mio. kg)";"Region Midtjylland";"Efterslćt efter korn og helsćd";189.4;173.4;173.4;152.2;103.4;150.2;138.0;117.1;141.9;92.7;110.1
"Produktion (mio. kg)";"Landsdel Řstjylland";"Vinterhvede";897.0;851.9;678.4;826.2;430.0;798.3;702.6;684.5;703.8;592.4;550.8
"Produktion (mio. kg)";"Landsdel Řstjylland";"Vĺrhvede";12.8;11.0;15.2;9.5;18.1;7.9;9.4;11.1;8.7;4.4;3.3
"Produktion (mio. kg)";"Landsdel Řstjylland";"Rug";106.8;116.2;82.3;104.8;71.8;148.6;116.1;119.3;112.0;92.6;117.5
"Produktion (mio. kg)";"Landsdel Řstjylland";"Triticale";24.0;21.1;15.0;19.0;13.5;17.1;13.5;17.2;10.1;9.5;7.6
"Produktion (mio. kg)";"Landsdel Řstjylland";"Vinterbyg";209.3;201.8;165.1;204.7;107.9;190.2;181.1;145.8;123.4;104.0;106.9
"Produktion (mio. kg)";"Landsdel Řstjylland";"Vĺrbyg";300.1;316.3;395.1;364.3;398.6;346.2;438.6;395.2;483.2;271.8;361.0
"Produktion (mio. kg)";"Landsdel Řstjylland";"Havre, blandsćd og andet korn";25.9;26.7;30.8;39.6;40.0;33.3;52.1;45.3;51.2;28.9;37.0
"Produktion (mio. kg)";"Landsdel Řstjylland";"Majs til modenhed";7.8;6.6;5.9;6.2;6.2;6.2;4.0;6.9;6.3;4.2;6.1
"Produktion (mio. kg)";"Landsdel Řstjylland";"RAPS I ALT";122.7;157.0;87.8;121.9;86.8;130.7;92.5;117.7;146.7;140.6;123.0
"Produktion (mio. kg)";"Landsdel Řstjylland";"Vinterraps";122.5;..;..;..;..;..;..;..;..;..;..
"Produktion (mio. kg)";"Landsdel Řstjylland";"Vĺrraps";0.2;..;..;..;..;..;..;..;..;..;..
"Produktion (mio. kg)";"Landsdel Řstjylland";"BĆLGSĆD I ALT";6.1;6.6;6.1;14.1;13.8;11.9;14.7;16.7;25.4;19.1;20.1
"Produktion (mio. kg)";"Landsdel Řstjylland";"Markćrter";2.4;1.8;1.3;2.6;1.6;1.6;2.8;3.2;5.8;6.0;5.6
"Produktion (mio. kg)";"Landsdel Řstjylland";"Hestebřnner";..;..;..;..;..;..;11.9;13.4;19.7;13.1;14.5
"Produktion (mio. kg)";"Landsdel Řstjylland";"HALM I ALT, DER ER BJĆRGET";466.8;446.6;515.0;572.6;606.1;574.5;524.8;506.3;572.4;465.5;544.4
"Produktion (mio. kg)";"Landsdel Řstjylland";"Halm af korn, der er bjćrget";445.4;424.8;502.3;551.8;549.7;552.5;509.1;488.6;548.0;447.1;518.9
"Produktion (mio. kg)";"Landsdel Řstjylland";"RODFRUGTER (ROD) I ALT";103.9;100.9;110.4;112.1;92.1;115.0;176.8;144.9;168.5;199.0;218.7
"Produktion (mio. kg)";"Landsdel Řstjylland";"Lćggekartofler under kontrol";6.7;5.8;5.1;11.6;8.9;8.4;3.6;5.3;5.5;7.7;8.3
"Produktion (mio. kg)";"Landsdel Řstjylland";"Kartofler til melproduktion";22.6;28.7;37.9;49.0;47.5;64.1;130.6;98.6;125.6;152.0;171.9
"Produktion (mio. kg)";"Landsdel Řstjylland";"Spisekartofler";41.6;30.7;38.6;30.7;23.7;20.6;20.4;21.1;17.7;18.3;20.4
"Produktion (mio. kg)";"Landsdel Řstjylland";"Sukkerroer til fabrik";0.1;0.0;0.0;0.0;0.0;0.0;0.0;0.0;0.0;0.0;0.0
"Produktion (mio. kg)";"Landsdel Řstjylland";"Fodersukkerroer og anden rodfrugt til foder";32.8;35.6;28.8;20.8;12.0;21.9;22.2;19.9;19.7;21.0;18.2
"Produktion (mio. kg)";"Landsdel Řstjylland";"GRĆS, GRŘNTFODER OG EFTERSLĆT I ALT";2545.1;2203.1;2250.5;2146.8;1765.1;1939.6;1889.5;1907.4;1846.4;1952.5;1946.0
"Produktion (mio. kg)";"Landsdel Řstjylland";"Lucerne";14.9;10.3;5.6;6.9;2.2;5.9;3.2;3.6;2.7;2.0;2.7
"Produktion (mio. kg)";"Landsdel Řstjylland";"Majs til ensilering";535.5;346.1;373.4;407.7;316.1;447.7;426.8;330.5;381.8;496.3;428.8
"Produktion (mio. kg)";"Landsdel Řstjylland";"Korn til ensilering";79.0;67.2;75.1;68.6;45.4;72.2;59.5;55.0;52.9;56.4;59.1
"Produktion (mio. kg)";"Landsdel Řstjylland";"Grćs og klřver i omdriften";1369.3;1162.0;1234.2;1353.6;763.2;1110.8;1031.9;1160.1;1074.2;1045.5;1068.1
"Produktion (mio. kg)";"Landsdel Řstjylland";"Grćs uden for omdriften";504.9;582.7;524.6;270.3;614.1;266.7;334.2;329.4;299.7;330.6;361.8
"Produktion (mio. kg)";"Landsdel Řstjylland";"Efterslćt efter korn og helsćd";41.5;34.8;34.8;39.7;24.2;36.2;34.0;28.8;35.1;21.8;25.4
"Produktion (mio. kg)";"Landsdel Vestjylland";"Vinterhvede";421.4;422.4;316.4;432.6;243.0;396.5;337.7;328.9;353.8;298.4;236.7
"Produktion (mio. kg)";"Landsdel Vestjylland";"Vĺrhvede";11.7;10.7;10.7;9.3;10.6;8.4;9.6;15.7;13.8;8.2;4.3
"Produktion (mio. kg)";"Landsdel Vestjylland";"Rug";135.5;175.3;124.3;161.0;111.4;184.4;137.6;125.5;135.9;114.7;106.4
"Produktion (mio. kg)";"Landsdel Vestjylland";"Triticale";16.7;11.0;5.0;6.6;2.9;5.0;4.6;3.3;4.0;2.7;1.9
"Produktion (mio. kg)";"Landsdel Vestjylland";"Vinterbyg";84.8;101.7;85.1;116.2;61.2;88.3;69.2;59.5;58.4;46.5;44.6
"Produktion (mio. kg)";"Landsdel Vestjylland";"Vĺrbyg";570.5;585.6;677.8;616.8;556.5;552.6;687.8;592.1;706.5;468.8;541.2
"Produktion (mio. kg)";"Landsdel Vestjylland";"Havre, blandsćd og andet korn";29.5;41.9;64.7;61.5;51.5;44.5;71.3;65.4;72.2;45.9;51.3
"Produktion (mio. kg)";"Landsdel Vestjylland";"Majs til modenhed";14.3;9.5;7.3;8.7;6.1;7.5;10.6;10.1;14.1;10.7;14.3
"Produktion (mio. kg)";"Landsdel Vestjylland";"RAPS I ALT";55.0;71.1;39.2;70.4;52.0;81.9;46.5;55.6;80.4;83.9;68.1
"Produktion (mio. kg)";"Landsdel Vestjylland";"Vinterraps";54.8;..;..;..;..;..;..;..;..;..;..
"Produktion (mio. kg)";"Landsdel Vestjylland";"Vĺrraps";0.2;..;..;..;..;..;..;..;..;..;..
"Produktion (mio. kg)";"Landsdel Vestjylland";"BĆLGSĆD I ALT";5.5;8.4;11.5;12.4;10.9;11.3;14.0;17.3;26.4;23.2;17.1
"Produktion (mio. kg)";"Landsdel Vestjylland";"Markćrter";3.7;5.0;4.5;3.9;2.2;2.3;2.8;2.1;7.4;7.8;4.3
"Produktion (mio. kg)";"Landsdel Vestjylland";"Hestebřnner";..;..;..;..;..;..;11.2;15.2;19.0;15.4;12.8
"Produktion (mio. kg)";"Landsdel Vestjylland";"HALM I ALT, DER ER BJĆRGET";433.4;446.4;469.1;523.5;548.2;522.3;480.3;478.8;531.1;436.6;499.2
"Produktion (mio. kg)";"Landsdel Vestjylland";"Halm af korn, der er bjćrget";422.1;438.9;464.9;515.5;526.3;513.0;475.1;474.3;521.3;425.2;485.0
"Produktion (mio. kg)";"Landsdel Vestjylland";"RODFRUGTER (ROD) I ALT";927.1;888.5;947.2;1000.0;864.5;1127.1;1251.5;1044.3;1148.4;1226.8;1344.6
"Produktion (mio. kg)";"Landsdel Vestjylland";"Lćggekartofler under kontrol";81.4;81.5;87.7;124.2;74.7;111.7;127.3;124.9;126.0;144.9;156.4
"Produktion (mio. kg)";"Landsdel Vestjylland";"Kartofler til melproduktion";547.3;573.5;631.4;662.3;676.6;832.2;953.3;812.7;911.7;955.1;1067.8
"Produktion (mio. kg)";"Landsdel Vestjylland";"Spisekartofler";207.5;151.2;142.7;166.6;82.7;144.4;122.7;46.5;39.7;28.0;23.7
"Produktion (mio. kg)";"Landsdel Vestjylland";"Sukkerroer til fabrik";0.7;0.4;0.3;0.0;0.0;0.0;0.0;0.0;0.0;0.0;0.0
"Produktion (mio. kg)";"Landsdel Vestjylland";"Fodersukkerroer og anden rodfrugt til foder";90.2;82.0;85.1;46.8;30.5;38.8;48.2;60.2;71.0;98.8;96.6
"Produktion (mio. kg)";"Landsdel Vestjylland";"GRĆS, GRŘNTFODER OG EFTERSLĆT I ALT";6355.0;5197.1;5487.1;5408.6;4191.8;5051.8;5167.8;4959.3;4730.2;4956.4;5061.1
"Produktion (mio. kg)";"Landsdel Vestjylland";"Lucerne";31.4;9.2;8.1;10.2;1.4;1.0;2.6;1.3;1.1;0.9;3.3
"Produktion (mio. kg)";"Landsdel Vestjylland";"Majs til ensilering";1694.5;977.4;1264.3;1419.9;1361.7;1656.3;1720.6;1670.9;1473.5;1711.9;1602.5
"Produktion (mio. kg)";"Landsdel Vestjylland";"Korn til ensilering";279.5;222.5;233.9;215.8;158.8;267.9;221.4;173.0;211.9;216.1;257.7
"Produktion (mio. kg)";"Landsdel Vestjylland";"Grćs og klřver i omdriften";3654.6;3077.8;3184.5;3088.1;2156.9;2674.8;2779.4;2702.2;2694.1;2658.7;2788.4
"Produktion (mio. kg)";"Landsdel Vestjylland";"Grćs uden for omdriften";547.2;771.5;649.7;562.2;433.8;337.8;339.7;323.6;242.8;297.9;324.4
"Produktion (mio. kg)";"Landsdel Vestjylland";"Efterslćt efter korn og helsćd";147.9;138.6;138.6;112.5;79.2;114.0;104.0;88.3;106.8;70.9;84.7
"Produktion (mio. kg)";"Region Nordjylland";"Vinterhvede";843.9;798.4;632.8;785.0;437.7;716.2;610.7;620.6;636.8;505.6;470.6
"Produktion (mio. kg)";"Region Nordjylland";"Vĺrhvede";13.5;13.9;20.5;11.0;23.4;10.0;19.1;16.6;9.3;6.0;7.1
"Produktion (mio. kg)";"Region Nordjylland";"Rug";178.2;193.7;150.4;179.4;132.2;219.6;175.2;177.8;181.6;161.7;194.9
"Produktion (mio. kg)";"Region Nordjylland";"Triticale";31.0;28.3;20.9;20.8;12.1;16.1;15.8;20.4;12.9;10.6;9.2
"Produktion (mio. kg)";"Region Nordjylland";"Vinterbyg";111.3;133.1;115.9;153.0;84.6;126.0;111.5;95.8;86.2;73.6;67.2
"Produktion (mio. kg)";"Region Nordjylland";"Vĺrbyg";372.1;420.7;509.4;460.6;474.4;408.5;564.3;483.9;548.9;324.6;481.2
"Produktion (mio. kg)";"Region Nordjylland";"Havre, blandsćd og andet korn";59.5;60.9;85.9;97.8;79.8;70.9;110.0;82.4;82.2;51.2;60.1
"Produktion (mio. kg)";"Region Nordjylland";"Majs til modenhed";1.1;0.8;1.0;0.9;1.7;1.5;1.5;2.0;2.1;2.0;3.9
"Produktion (mio. kg)";"Region Nordjylland";"RAPS I ALT";101.2;137.3;76.3;121.0;71.4;137.4;73.3;114.6;152.0;143.6;127.9
"Produktion (mio. kg)";"Region Nordjylland";"Vinterraps";100.9;..;..;..;..;..;..;..;..;..;..
"Produktion (mio. kg)";"Region Nordjylland";"Vĺrraps";0.2;..;..;..;..;..;..;..;..;..;..
"Produktion (mio. kg)";"Region Nordjylland";"BĆLGSĆD I ALT";3.2;8.0;8.3;12.4;16.4;16.7;19.0;18.9;26.5;25.3;20.8
"Produktion (mio. kg)";"Region Nordjylland";"Markćrter";1.6;3.1;2.5;2.2;2.5;3.2;2.5;4.7;10.6;12.7;7.7
"Produktion (mio. kg)";"Region Nordjylland";"Hestebřnner";..;..;..;..;..;..;16.5;14.2;15.9;12.6;13.1
"Produktion (mio. kg)";"Region Nordjylland";"HALM I ALT, DER ER BJĆRGET";474.5;508.8;506.0;585.0;672.1;541.7;620.4;555.8;584.2;478.2;633.7
"Produktion (mio. kg)";"Region Nordjylland";"Halm af korn, der er bjćrget";458.9;482.4;496.5;565.4;634.1;523.2;604.3;540.2;561.2;448.3;596.7
"Produktion (mio. kg)";"Region Nordjylland";"RODFRUGTER (ROD) I ALT";449.9;474.9;511.3;525.5;442.8;537.4;637.0;606.4;636.8;673.4;740.0
"Produktion (mio. kg)";"Region Nordjylland";"Lćggekartofler under kontrol";16.7;15.3;17.8;25.8;22.2;36.6;54.8;42.1;45.8;51.5;54.4
"Produktion (mio. kg)";"Region Nordjylland";"Kartofler til melproduktion";201.7;238.3;247.8;257.8;238.4;295.9;438.7;452.9;478.0;478.6;538.4
"Produktion (mio. kg)";"Region Nordjylland";"Spisekartofler";75.0;82.3;102.9;85.9;44.3;72.1;47.5;25.4;28.8;33.4;33.1
"Produktion (mio. kg)";"Region Nordjylland";"Sukkerroer til fabrik";0.3;0.5;0.2;0.0;0.0;0.0;0.0;0.0;0.0;0.0;0.0
"Produktion (mio. kg)";"Region Nordjylland";"Fodersukkerroer og anden rodfrugt til foder";156.3;138.5;142.5;156.0;137.9;132.8;96.0;86.0;84.3;109.8;114.0
"Produktion (mio. kg)";"Region Nordjylland";"GRĆS, GRŘNTFODER OG EFTERSLĆT I ALT";5876.5;5672.9;6184.2;6031.6;4919.7;5439.6;5597.0;5232.0;5039.8;5028.2;5075.5
"Produktion (mio. kg)";"Region Nordjylland";"Lucerne";20.8;7.8;8.0;4.9;1.8;4.0;3.9;2.6;3.1;2.1;1.2
"Produktion (mio. kg)";"Region Nordjylland";"Majs til ensilering";1364.3;913.3;1025.3;1043.7;1044.3;1233.7;1323.6;1283.7;1253.9;1440.1;1350.8
"Produktion (mio. kg)";"Region Nordjylland";"Korn til ensilering";359.8;344.9;398.6;331.2;312.5;330.0;322.0;252.1;300.3;211.7;229.1
"Produktion (mio. kg)";"Region Nordjylland";"Grćs og klřver i omdriften";3228.7;3002.6;3470.6;3653.3;2570.9;3258.4;3265.4;3117.7;2969.4;2981.1;3059.3
"Produktion (mio. kg)";"Region Nordjylland";"Grćs uden for omdriften";738.9;1238.7;1109.1;871.2;877.4;451.8;524.6;441.9;352.2;300.8;330.7
"Produktion (mio. kg)";"Region Nordjylland";"Efterslćt efter korn og helsćd";164.0;165.6;165.6;127.3;112.9;161.8;157.6;134.0;160.9;92.3;104.4
